condition,p50_ms,p90_ms,throughput_samples_per_s
clean,0.006600,0.008200,151515.00
noise_sigma_0.10,0.006500,0.007300,153846.02
